,Age Range,Mean Glucose
2,21 - 30,115.21751412429379
3,31 - 40,126.0375939849624
4,41 - 50,123.6
5,51 - 60,140.02173913043478
6,61 - 70,137.0
7,71 - 80,119.0
